nomi,soni,narxi,SKU
6000 ZZ,1000,2 800,F&D
6001 ZZ,20,3 000,F&D
6002 ZZ,20,4 000,F&D
6003 ZZ,20,4 500,F&D
6004 ZZ,20,5 000,F&D
6005 ZZ,20,6 000,F&D
6006 ZZ,20,8 000,F&D
6007 ZZ,20,10 000,F&D
6008 ZZ,20,14 000,F&D
6009 ZZ,20,15 000,F&D
6010 ZZ,20,18 000,F&D
6011 ZZ,20,24 000,F&D
6012 ZZ,20,27 000,F&D
6013 ZZ,20,30 000,F&D
6014 ZZ,202,37 000,F&D
6200 ZZ,203,3 500,F&D
6201 ZZ,204,3 500,F&D
6202 ZZ,205,3 800,F&D
6203 ZZ,206,5 000,F&D
6204 ZZ,207,6 500,F&D
6205 ZZ,208,7 000,F&D
6206 ZZ,209,11 000,F&D
6207 ZZ,210,16 000,F&D
6208 ZZ,211,19 000,F&D
6209 ZZ,212,22 000,F&D
6210 ZZ,213,24 000,F&D
6211 ZZ,214,30 000,F&D
6212 ZZ,215,37 000,F&D
6213 ZZ,216,45 000,F&D
6214 ZZ,217,45 000,F&D
6215 ZZ,218,55 000,F&D
6216 ZZ,219,65 000,F&D
6217 ZZ,220,75 000,F&D
6218 ZZ,221,90 000,F&D
6300 ZZ,222,4 000,F&D
6301 ZZ,223,5 000,F&D
6302 ZZ,224,6 500,F&D
6303 ZZ,225,7 500,F&D
6304 ZZ,226,8 000,F&D
6305 ZZ,227,12 000,F&D
6306 ZZ,228,17 000,F&D
6307 ZZ,229,22 000,F&D
6308 ZZ,230,28 000,F&D
6309 ZZ,231,36 000,F&D
6310 ZZ,232,45 000,F&D
6311 ZZ,233,58 000,F&D
6312 ZZ,234,68 000,F&D
6313 ZZ,235,85 000,F&D
6314 ZZ,236,105 000,F&D
6315 ZZ,237,125 000,F&D
6316 2RS,238,135 000,F&D
6317 ZZ,239,185 000,F&D
6318 ZZ,240,205 000,F&D
608 zz,241,3 000,F&D
626 2RS,242,3 000,F&D
629 ZZ,243,3 000,F&D
685 ZZ,244,2 000,BAK
698 ZZ,245,2 000,BAK
605 ZZ,246,2 000,BAK
606 ZZ,247,2 000,BAK
607 ZZ,248,2 000,BAK
608 ZZ,249,1 500,BAK
609 ZZ,250,2 000,BAK
625 ZZ,251,2 000,BAK
626 ZZ,252,1 600,BAK
627 ZZ,253,2 000,BAK
628 ZZ,254,2 200,BAK
6800 ZZ,255,2 000,BAK
6804 ZZ,256,3 000,BAK
6805 ZZ,257,3 000,BAK
6900 ZZ,258,2 000,BAK
6901 ZZ,259,2 500,BAK
6903 ZZ,260,2 500,BAK
6904 ZZ,261,2 800,BAK
6905 ZZ,262,5 000,BAK
6906 ZZ,263,6 500,BAK
6910 ZZ,264,16 000,A
6915 ZZ,265,40 000,A
6004 2RS,266,3 000,BAK
 6015N      ,267,32 000,SKF
